infected,reddit_activity,sentiment,infected_new,infected_perc_change,restriction,over_65,reddit_usage,single_household,deaths,deaths_new,deaths_perc_change
0.0,0.0,0.0,0.0,0.0,0,17.232,0.8,29.3,0.0,0.0,0.0
0.0,0.0,0.0,0.0,0.0,0,17.232,0.8,29.3,0.0,0.0,0.0
0.0,0.0,0.0,0.0,0.0,0,17.232,0.8,29.3,0.0,0.0,0.0
0.0,0.0,0.0,0.0,0.0,0,17.232,0.8,29.3,0.0,0.0,0.0
0.0,0.0,0.0,0.0,0.0,0,17.232,0.8,29.3,0.0,0.0,0.0
0.02673010611852129,0.0,0.0,0.02673010611852129,100.0,0,17.232,0.8,29.3,0.0,0.0,0.0
0.02673010611852129,0.0,0.0,0.0,0.0,0,17.232,0.8,29.3,0.0,0.0,0.0
0.05346021223704258,0.0,0.0,0.02673010611852129,100.0,0,17.232,0.8,29.3,0.0,0.0,0.0
0.05346021223704258,0.0,0.0,0.0,0.0,0,17.232,0.8,29.3,0.0,0.0,0.0
0.08019031835556387,0.0,0.0,0.02673010611852129,50.0,1,17.232,0.8,29.3,0.0,0.0,0.0
0.08019031835556387,0.0,0.0,0.0,0.0,1,17.232,0.8,29.3,0.0,0.0,0.0
0.10692042447408516,0.0,0.0,0.02673010611852129,33.33333333333333,1,17.232,0.8,29.3,0.0,0.0,0.0
0.10692042447408516,0.0,0.0,0.0,0.0,1,17.232,0.8,29.3,0.0,0.0,0.0
0.10692042447408516,0.0,0.0,0.0,0.0,1,17.232,0.8,29.3,0.0,0.0,0.0
0.10692042447408516,0.0,0.0,0.0,0.0,1,17.232,0.8,29.3,0.0,0.0,0.0
0.13365053059260645,0.0,0.0,0.02673010611852129,25.0,1,17.232,0.8,29.3,0.0,0.0,0.0
0.16038063671112773,0.0,0.0,0.02673010611852129,20.0,1,17.232,0.8,29.3,0.0,0.0,0.0
0.16038063671112773,0.0,0.0,0.0,0.0,1,17.232,0.8,29.3,0.0,0.0,0.0
0.18711074282964904,0.0,0.0,0.02673010611852129,16.666666666666664,1,17.232,0.8,29.3,0.0,0.0,0.0
0.18711074282964904,0.0,0.0,0.0,0.0,1,17.232,0.8,29.3,0.0,0.0,0.0
0.18711074282964904,0.02673010611852129,-92.44480729103088,0.0,0.0,1,17.232,0.8,29.3,0.0,0.0,0.0
0.18711074282964904,0.9622838202667664,-99.25759683052699,0.0,0.0,1,17.232,0.8,29.3,0.0,0.0,0.0
0.18711074282964904,1.309775199807543,-92.55911391608569,0.0,0.0,1,17.232,0.8,29.3,0.0,0.0,0.0
0.18711074282964904,0.08019031835556387,-48.22096029917398,0.0,0.0,1,17.232,0.8,29.3,0.0,0.0,0.0
0.18711074282964904,0.0,0.0,0.0,0.0,1,17.232,0.8,29.3,0.0,0.0,0.0
0.18711074282964904,0.02673010611852129,88.53196501731873,0.0,0.0,1,17.232,0.8,29.3,0.0,0.0,0.0
0.18711074282964904,0.21384084894817032,-92.9697334766388,0.0,0.0,1,17.232,0.8,29.3,0.0,0.0,0.0
0.21384084894817032,0.13365053059260645,19.437161684036255,0.02673010611852129,14.285714285714285,1,17.232,0.8,29.3,0.0,0.0,0.0
0.21384084894817032,0.05346021223704258,-79.67671155929565,0.0,0.0,1,17.232,0.8,29.3,0.0,0.0,0.0
0.21384084894817032,0.2405709550666916,-62.648400995466446,0.0,0.0,1,17.232,0.8,29.3,0.0,0.0,0.0
0.21384084894817032,0.2405709550666916,-77.06971300972833,0.0,0.0,1,17.232,0.8,29.3,0.0,0.0,0.0
0.2405709550666916,0.21384084894817032,-76.46651566028595,0.02673010611852129,12.5,1,17.232,0.8,29.3,0.0,0.0,0.0
0.2405709550666916,0.7217128652000748,-70.39063661186783,0.0,0.0,1,17.232,0.8,29.3,0.0,0.0,0.0
0.2405709550666916,0.561332228488947,-75.04265762510754,0.0,0.0,1,17.232,0.8,29.3,0.0,0.0,0.0
0.2673010611852129,0.561332228488947,-69.272856485276,0.02673010611852129,11.11111111111111,1,17.232,0.8,29.3,0.0,0.0,0.0
0.2940311673037342,0.9890139263852877,-68.24868579168577,0.02673010611852129,10.0,1,17.232,0.8,29.3,0.0,0.0,0.0
0.32076127342225547,0.8019031835556387,-38.11513106028239,0.02673010611852129,9.090909090909092,1,17.232,0.8,29.3,0.0,0.0,0.0
0.34749137954077675,1.202854775333458,-50.61746637026469,0.02673010611852129,8.333333333333332,1,17.232,0.8,29.3,0.0,0.0,0.0
0.42768169789634064,1.6839966854668413,-8.210590907505582,0.08019031835556387,23.076923076923077,1,17.232,0.8,29.3,0.0,0.0,0.0
0.5078720162519045,0.9088236080297238,-25.959976631052353,0.08019031835556387,18.75,1,17.232,0.8,29.3,0.0,0.0,0.0
0.6415225468445109,1.8978375344150116,-58.138906200167156,0.13365053059260645,26.31578947368421,1,17.232,0.8,29.3,0.0,0.0,0.0
0.7217128652000748,1.6839966854668413,-52.404999354529004,0.08019031835556387,12.5,1,17.232,0.8,29.3,0.0,0.0,0.0
0.8019031835556387,4.918339525807918,-33.97376851543136,0.08019031835556387,11.11111111111111,1,17.232,0.8,29.3,0.0,0.0,0.0
0.8820935019112025,12.376039132875357,-34.97188746542962,0.08019031835556387,10.0,1,17.232,0.8,29.3,0.0,0.0,0.0
1.0692042447408516,20.52872149902435,-19.648584141395986,0.18711074282964904,21.21212121212121,1,17.232,0.8,29.3,0.0,0.0,0.0
1.2563149875705006,19.646627997113146,4.113991317294893,0.18711074282964904,17.5,1,17.232,0.8,29.3,0.0,0.0,0.0
1.4968859426371923,13.284862740905082,-40.4834223225323,0.2405709550666916,19.148936170212767,1,17.232,0.8,29.3,0.0,0.0,0.0
1.7374568977038838,27.39835877148432,-53.32148337364197,0.2405709550666916,16.071428571428573,1,17.232,0.8,29.3,0.0,0.0,0.0
1.9512977466520542,35.89853251717409,-55.413810929875716,0.21384084894817032,12.307692307692308,1,17.232,0.8,29.3,0.02673010611852129,0.02673010611852129,100.0
2.3522493384298735,36.96773676191494,-59.88942280853475,0.40095159177781936,20.54794520547945,1,17.232,0.8,29.3,0.02673010611852129,0.0,0.0
2.6997407179706503,62.25441715003608,-68.78520359599882,0.34749137954077675,14.772727272727273,1,17.232,0.8,29.3,0.02673010611852129,0.0,0.0
3.715484750474459,68.53599208788859,-72.06944353913369,1.015744032503809,37.62376237623762,1,17.232,0.8,29.3,0.02673010611852129,0.0,0.0
4.517387934030098,70.48728983454065,-63.36942563284786,0.8019031835556387,21.58273381294964,1,17.232,0.8,29.3,0.02673010611852129,0.0,0.0
5.720242709363556,67.19948678196252,-55.63005204938571,1.202854775333458,26.627218934911244,1,17.232,0.8,29.3,0.02673010611852129,0.0,0.0
7.698270562134131,83.61177193873459,-51.5374989441746,1.9780278527705755,34.57943925233645,1,17.232,0.8,29.3,0.05346021223704258,0.02673010611852129,100.0
10.210900537275133,69.57846622651091,-44.8622777926386,2.5126299751410013,32.63888888888889,1,17.232,0.8,29.3,0.08019031835556387,0.02673010611852129,50.0
13.819464863275506,80.64473015957873,-49.15564278320323,3.608564326000374,35.340314136125656,1,17.232,0.8,29.3,0.16038063671112773,0.08019031835556387,100.0
0.0,0.0,0.0,0.0,0.0,0,8.923,0.12,14.6,0.0,0.0,0.0
0.0,0.0,0.0,0.0,0.0,0,8.923,0.12,14.6,0.0,0.0,0.0
0.0,0.0,0.0,0.0,0.0,0,8.923,0.12,14.6,0.0,0.0,0.0
0.0,0.0,0.0,0.0,0.0,0,8.923,0.12,14.6,0.0,0.0,0.0
0.0,0.0,0.0,0.0,0.0,0,8.923,0.12,14.6,0.0,0.0,0.0
0.0,0.0,0.0,0.0,0.0,0,8.923,0.12,14.6,0.0,0.0,0.0
0.0,0.0,0.0,0.0,0.0,0,8.923,0.12,14.6,0.0,0.0,0.0
0.0,0.0,0.0,0.0,0.0,0,8.923,0.12,14.6,0.0,0.0,0.0
0.0,0.0,0.0,0.0,0.0,0,8.923,0.12,14.6,0.0,0.0,0.0
0.0,0.0,0.0,0.0,0.0,0,8.923,0.12,14.6,0.0,0.0,0.0
0.0,0.0,0.0,0.0,0.0,0,8.923,0.12,14.6,0.0,0.0,0.0
0.0,0.0,0.0,0.0,0.0,0,8.923,0.12,14.6,0.0,0.0,0.0
0.0,0.0,0.0,0.0,0.0,0,8.923,0.12,14.6,0.0,0.0,0.0
0.0,0.0,0.0,0.0,0.0,0,8.923,0.12,14.6,0.0,0.0,0.0
0.0,0.0,0.0,0.0,0.0,0,8.923,0.12,14.6,0.0,0.0,0.0
0.0,0.0,0.0,0.0,0.0,0,8.923,0.12,14.6,0.0,0.0,0.0
0.0,0.0,0.0,0.0,0.0,0,8.923,0.12,14.6,0.0,0.0,0.0
0.0,0.0,0.0,0.0,0.0,0,8.923,0.12,14.6,0.0,0.0,0.0
0.0,0.0,0.0,0.0,0.0,0,8.923,0.12,14.6,0.0,0.0,0.0
0.0,0.0,0.0,0.0,0.0,0,8.923,0.12,14.6,0.0,0.0,0.0
0.0,0.07581177830740728,-81.41456618905067,0.0,0.0,0,8.923,0.12,14.6,0.0,0.0,0.0
0.0,0.11845590360532388,-66.03605270385742,0.0,0.0,0,8.923,0.12,14.6,0.0,0.0,0.0
0.0,0.1800529734800923,-16.266790189241107,0.0,0.0,0,8.923,0.12,14.6,0.0,0.0,0.0
0.0,0.1374088481821757,-51.50153040885925,0.0,0.0,0,8.923,0.12,14.6,0.0,0.0,0.0
0.0,0.12793237589374978,-67.74013704723782,0.0,0.0,0,8.923,0.12,14.6,0.0,0.0,0.0
0.0,0.07581177830740728,-0.41953809559345245,0.0,0.0,0,8.923,0.12,14.6,0.0,0.0,0.0
0.0,0.05212059758634251,-93.85678334669633,0.0,0.0,0,8.923,0.12,14.6,0.0,0.0,0.0
0.0,0.11845590360532388,4.956369161605833,0.0,0.0,0,8.923,0.12,14.6,0.0,0.0,0.0
0.0,0.10424119517268501,-56.81269033388658,0.0,0.0,0,8.923,0.12,14.6,0.0,0.0,0.0
0.0,0.21322062648958298,3.357212940851847,0.0,0.0,0,8.923,0.12,14.6,0.0,0.0,0.0
0.0,0.1800529734800923,-14.873723921022917,0.0,0.0,0,8.923,0.12,14.6,0.0,0.0,0.0
0.0,0.21795886263379594,-29.998680171759233,0.0,0.0,0,8.923,0.12,14.6,0.0,0.0,0.0
0.0,0.3458912385275457,-43.54075936421956,0.0,0.0,0,8.923,0.12,14.6,0.0,0.0,0.0
0.0,0.20848239034537003,-63.767600601369686,0.0,0.0,0,8.923,0.12,14.6,0.0,0.0,0.0
0.0,0.25586475178749957,-72.39803561457882,0.0,0.0,0,8.923,0.12,14.6,0.0,0.0,0.0
0.0,0.3506294746717587,-56.05246859627801,0.0,0.0,0,8.923,0.12,14.6,0.0,0.0,0.0
0.004738236144212955,0.40275007225810117,-61.25631949480842,0.004738236144212955,100.0,0,8.923,0.12,14.6,0.0,0.0,0.0
0.004738236144212955,0.4927765589981473,-42.86375997158197,0.0,0.0,0,8.923,0.12,14.6,0.0,0.0,0.0
0.004738236144212955,0.6064942264592582,-24.928359827026725,0.0,0.0,0,8.923,0.12,14.6,0.0,0.0,0.0
0.00947647228842591,0.734426602353008,-53.92768794490445,0.004738236144212955,100.0,0,8.923,0.12,14.6,0.0,0.0,0.0
0.00947647228842591,0.5401589204402769,-53.030463896299665,0.0,0.0,0,8.923,0.12,14.6,0.0,0.0,0.0
0.00947647228842591,0.8197148529488413,-56.218749457012024,0.0,0.0,0,8.923,0.12,14.6,0.0,0.0,0.0
0.014214708432638865,0.8576207421025449,-58.5823835259643,0.004738236144212955,50.0,1,8.923,0.12,14.6,0.0,0.0,0.0
0.014214708432638865,1.2414178697837943,-68.07383897195335,0.0,0.0,1,8.923,0.12,14.6,0.0,0.0,0.0
0.033167653009490684,1.156129619187961,-70.36428102215783,0.01895294457685182,133.33333333333331,1,8.923,0.12,14.6,0.0,0.0,0.0
0.04738236144212955,0.7628560192182858,-70.51893742928594,0.014214708432638865,42.857142857142854,1,8.923,0.12,14.6,0.0,0.0,0.0
0.07107354216319432,1.1182237300342575,-39.6402932324652,0.023691180721064777,50.0,1,8.923,0.12,14.6,0.0,0.0,0.0
0.09002648674004615,1.4972826215712938,-48.05567664436147,0.01895294457685182,26.666666666666668,1,8.923,0.12,14.6,0.0,0.0,0.0
0.11845590360532388,1.5209738022923587,-63.55584055835213,0.02842941686527773,31.57894736842105,1,8.923,0.12,14.6,0.0,0.0,0.0
0.1468853204706016,2.3880710166833294,-39.990511099024424,0.02842941686527773,24.0,1,8.923,0.12,14.6,0.0,0.0,0.0
0.1895294457685182,4.5060625731465205,-40.08549621679304,0.0426441252979166,29.03225806451613,1,8.923,0.12,14.6,0.0,0.0,0.0
0.3790588915370364,3.781112443081938,-41.88223979377508,0.1895294457685182,100.0,1,8.923,0.12,14.6,0.0,0.0,0.0
0.5591118650171287,3.2456917587858745,-50.03270817499091,0.1800529734800923,47.5,1,8.923,0.12,14.6,0.0,0.0,0.0
0.734426602353008,4.117527209321058,-44.26186466107297,0.17531473733587935,31.35593220338983,1,8.923,0.12,14.6,0.0,0.0,0.0
0.8102383806604153,4.164909570763188,-16.375078282936713,0.07581177830740728,10.32258064516129,1,8.923,0.12,14.6,0.0,0.0,0.0
1.0803178408805538,4.733497908068742,-23.960334193837774,0.27007946022013846,33.33333333333333,1,8.923,0.12,14.6,0.0,0.0,0.0
1.4119943709754605,5.022530312865732,-46.65764853077115,0.3316765300949069,30.701754385964914,1,8.923,0.12,14.6,0.004738236144212955,0.004738236144212955,100.0
0.0,0.0,0.0,0.0,0.0,0,15.657,0.76,24.99,0.0,0.0,0.0
0.0,0.0,0.0,0.0,0.0,0,15.657,0.76,24.99,0.0,0.0,0.0
0.0,0.0,0.0,0.0,0.0,0,15.657,0.76,24.99,0.0,0.0,0.0
0.0,0.0,0.0,0.0,0.0,0,15.657,0.76,24.99,0.0,0.0,0.0
0.03967781613300004,0.0,0.0,0.03967781613300004,100.0,0,15.657,0.76,24.99,0.0,0.0,0.0
0.11903344839900012,0.0,0.0,0.07935563226600008,200.0,1,15.657,0.76,24.99,0.0,0.0,0.0
0.1983890806650002,0.0,0.0,0.07935563226600008,66.66666666666666,1,15.657,0.76,24.99,0.0,0.0,0.0
0.1983890806650002,0.0,0.0,0.0,0.0,1,15.657,0.76,24.99,0.0,0.0,0.0
0.2777447129310003,0.0,0.0,0.07935563226600008,40.0,1,15.657,0.76,24.99,0.0,0.0,0.0
0.3174225290640003,0.0,0.0,0.03967781613300004,14.285714285714285,1,15.657,0.76,24.99,0.0,0.0,0.0
0.3967781613300004,0.0,0.0,0.07935563226600008,25.0,1,15.657,0.76,24.99,0.0,0.0,0.0
0.43645597746300047,0.0,0.0,0.03967781613300004,10.0,1,15.657,0.76,24.99,0.0,0.0,0.0
0.4761337935960005,0.0,0.0,0.03967781613300004,9.090909090909092,1,15.657,0.76,24.99,0.0,0.0,0.0
0.4761337935960005,0.0,0.0,0.0,0.0,1,15.657,0.76,24.99,0.0,0.0,0.0
0.5158116097290005,0.0,0.0,0.03967781613300004,8.333333333333332,1,15.657,0.76,24.99,0.0,0.0,0.0
0.5158116097290005,0.0,0.0,0.0,0.0,1,15.657,0.76,24.99,0.0,0.0,0.0
0.5554894258620006,0.0,0.0,0.03967781613300004,7.6923076923076925,1,15.657,0.76,24.99,0.0,0.0,0.0
0.5951672419950006,0.0,0.0,0.03967781613300004,7.142857142857142,1,15.657,0.76,24.99,0.0,0.0,0.0
0.5951672419950006,0.0,0.0,0.0,0.0,1,15.657,0.76,24.99,0.0,0.0,0.0
0.5951672419950006,0.0,0.0,0.0,0.0,1,15.657,0.76,24.99,0.0,0.0,0.0
0.5951672419950006,0.7935563226600008,-85.89056462049484,0.0,0.0,1,15.657,0.76,24.99,0.0,0.0,0.0
0.5951672419950006,0.1983890806650002,-54.98679876327515,0.0,0.0,1,15.657,0.76,24.99,0.0,0.0,0.0
0.5951672419950006,0.3967781613300004,-77.25081622600555,0.0,0.0,1,15.657,0.76,24.99,0.0,0.0,0.0
0.5951672419950006,0.5158116097290005,-97.20488236500667,0.0,0.0,1,15.657,0.76,24.99,0.0,0.0,0.0
0.5951672419950006,0.2777447129310003,-44.71667834690639,0.0,0.0,1,15.657,0.76,24.99,0.0,0.0,0.0
0.5951672419950006,0.23806689679800025,-63.74740997950236,0.0,0.0,1,15.657,0.76,24.99,0.0,0.0,0.0
0.5951672419950006,0.23806689679800025,-98.82529576619466,0.0,0.0,1,15.657,0.76,24.99,0.0,0.0,0.0
0.5951672419950006,0.15871126453200016,-6.134246289730072,0.0,0.0,1,15.657,0.76,24.99,0.0,0.0,0.0
0.5951672419950006,0.8332341387930009,-85.28164823849995,0.0,0.0,1,15.657,0.76,24.99,0.0,0.0,0.0
0.5951672419950006,0.4761337935960005,-98.26638400554657,0.0,0.0,1,15.657,0.76,24.99,0.0,0.0,0.0
0.5951672419950006,0.6745228742610007,-60.705725235097546,0.0,0.0,1,15.657,0.76,24.99,0.0,0.0,0.0
0.5951672419950006,0.43645597746300047,-96.64305448532104,0.0,0.0,1,15.657,0.76,24.99,0.0,0.0,0.0
0.5951672419950006,0.3174225290640003,-96.78586348891258,0.0,0.0,1,15.657,0.76,24.99,0.0,0.0,0.0
0.5951672419950006,0.6348450581280006,-86.81405559182167,0.0,0.0,1,15.657,0.76,24.99,0.0,0.0,0.0
0.5951672419950006,0.912589771059001,-82.39303464474885,0.0,0.0,1,15.657,0.76,24.99,0.0,0.0,0.0
0.5951672419950006,2.142602071182002,-57.75240151970475,0.0,0.0,1,15.657,0.76,24.99,0.0,0.0,0.0
0.5951672419950006,1.2300123001230012,-78.4281769106465,0.0,0.0,1,15.657,0.76,24.99,0.0,0.0,0.0
0.5951672419950006,1.3093679323890013,-81.15730701070844,0.0,0.0,1,15.657,0.76,24.99,0.0,0.0,0.0
0.7142006903940007,1.3490457485220013,-91.24657055910896,0.11903344839900012,20.0,1,15.657,0.76,24.99,0.0,0.0,0.0
0.8729119549260009,2.182279887315002,-80.63931183381514,0.15871126453200016,22.22222222222222,1,15.657,0.76,24.99,0.0,0.0,0.0
1.071301035591001,2.2219577034480023,-64.10427285092217,0.1983890806650002,22.727272727272727,1,15.657,0.76,24.99,0.03967781613300004,0.03967781613300004,100.0
1.2696901162560013,2.936158393842003,-66.38172703820305,0.1983890806650002,18.51851851851852,1,15.657,0.76,24.99,0.03967781613300004,0.0,0.0
1.5871126453200015,2.142602071182002,-87.0634075668123,0.3174225290640003,25.0,1,15.657,0.76,24.99,0.03967781613300004,0.0,0.0
1.944212990517002,3.174225290640003,-58.110850751399994,0.35710034519700035,22.5,1,15.657,0.76,24.99,0.07935563226600008,0.03967781613300004,100.0
2.2219577034480023,2.5790580486450025,-71.40576747747568,0.2777447129310003,14.285714285714285,1,15.657,0.76,24.99,0.07935563226600008,0.0,0.0
2.3409911518470023,2.023568622783002,-66.98866287867229,0.11903344839900012,5.357142857142857,1,15.657,0.76,24.99,0.07935563226600008,0.0,0.0
2.6187358647780026,2.4203467841130024,-66.66481778269909,0.2777447129310003,11.864406779661017,1,15.657,0.76,24.99,0.07935563226600008,0.0,0.0
3.055191842241003,3.650359084236004,-77.25919271292894,0.43645597746300047,16.666666666666664,1,15.657,0.76,24.99,0.11903344839900012,0.03967781613300004,50.0
3.610681268103004,7.776851962068008,-70.50386791934773,0.5554894258620006,18.181818181818183,1,15.657,0.76,24.99,0.11903344839900012,0.0,0.0
4.324881958497005,9.006864262191009,-81.34048867330677,0.7142006903940007,19.78021978021978,1,15.657,0.76,24.99,0.11903344839900012,0.0,0.0
4.801015752093005,11.546244494703013,-71.93549619507544,0.4761337935960005,11.009174311926607,1,15.657,0.76,24.99,0.11903344839900012,0.0,0.0
6.031028052216006,18.80728484704202,-68.31463165424042,1.2300123001230012,25.6198347107438,1,15.657,0.76,24.99,0.11903344839900012,0.0,0.0
7.657818513669008,12.498512081895013,-63.92023449852353,1.6267904614530018,26.973684210526315,1,15.657,0.76,24.99,0.11903344839900012,0.0,0.0
9.87977621711701,11.823989207634012,-56.84378971189461,2.2219577034480023,29.015544041450774,1,15.657,0.76,24.99,0.11903344839900012,0.0,0.0
12.220767368964012,17.29952783398802,-46.9669042240589,2.3409911518470023,23.694779116465863,1,15.657,0.76,24.99,0.11903344839900012,0.0,0.0
14.879181049875015,17.735983811451018,-55.35407221023935,2.6584136809110026,21.753246753246753,1,15.657,0.76,24.99,0.15871126453200016,0.03967781613300004,33.33333333333333
18.48986231797802,15.514026108003016,-73.92440526686666,3.610681268103004,24.266666666666666,1,15.657,0.76,24.99,0.1983890806650002,0.03967781613300004,25.0
0.0,0.0,0.0,0.0,0.0,0,27.576,0.56,34.53,0.0,0.0,0.0
0.0,0.0,0.0,0.0,0.0,0,27.576,0.56,34.53,0.0,0.0,0.0
0.198000198000198,0.0,0.0,0.198000198000198,100.0,0,27.576,0.56,34.53,0.0,0.0,0.0
0.198000198000198,0.0,0.0,0.0,0.0,0,27.576,0.56,34.53,0.0,0.0,0.0
0.29700029700029695,0.0,0.0,0.099000099000099,50.0,1,27.576,0.56,34.53,0.0,0.0,0.0
0.29700029700029695,0.0,0.0,0.0,0.0,1,27.576,0.56,34.53,0.0,0.0,0.0
0.495000495000495,0.0,0.0,0.198000198000198,66.66666666666666,1,27.576,0.56,34.53,0.0,0.0,0.0
0.5940005940005939,0.0,0.0,0.099000099000099,20.0,1,27.576,0.56,34.53,0.0,0.0,0.0
0.792000792000792,0.0,0.0,0.198000198000198,33.33333333333333,1,27.576,0.56,34.53,0.0,0.0,0.0
1.0890010890010888,0.0,0.0,0.29700029700029695,37.5,1,27.576,0.56,34.53,0.0,0.0,0.0
1.4850014850014848,0.0,0.0,0.396000396000396,36.36363636363637,1,27.576,0.56,34.53,0.0,0.0,0.0
1.782001782001782,0.0,0.0,0.29700029700029695,20.0,1,27.576,0.56,34.53,0.0,0.0,0.0
1.98000198000198,0.0,0.0,0.198000198000198,11.11111111111111,1,27.576,0.56,34.53,0.0,0.0,0.0
2.0790020790020787,0.0,0.0,0.099000099000099,5.0,1,27.576,0.56,34.53,0.0,0.0,0.0
2.0790020790020787,0.0,0.0,0.0,0.0,1,27.576,0.56,34.53,0.0,0.0,0.0
2.1780021780021777,0.0,0.0,0.099000099000099,4.761904761904762,1,27.576,0.56,34.53,0.0,0.0,0.0
2.2770022770022766,0.0,0.0,0.099000099000099,4.545454545454546,1,27.576,0.56,34.53,0.0,0.0,0.0
2.3760023760023756,0.0,0.0,0.099000099000099,4.3478260869565215,1,27.576,0.56,34.53,0.0,0.0,0.0
2.4750024750024746,0.0,0.0,0.099000099000099,4.166666666666666,1,27.576,0.56,34.53,0.0,0.0,0.0
2.5740025740025736,0.0,0.0,0.099000099000099,4.0,1,27.576,0.56,34.53,0.0,0.0,0.0
2.5740025740025736,0.29700029700029695,-96.9540278116862,0.0,0.0,1,27.576,0.56,34.53,0.0,0.0,0.0
2.6730026730026726,0.99000099000099,-60.65585255622864,0.099000099000099,3.8461538461538463,1,27.576,0.56,34.53,0.0,0.0,0.0
2.6730026730026726,3.267003267003267,-87.00378627488108,0.0,0.0,1,27.576,0.56,34.53,0.0,0.0,0.0
2.7720027720027716,0.5940005940005939,-31.940317153930664,0.099000099000099,3.7037037037037033,1,27.576,0.56,34.53,0.099000099000099,0.099000099000099,100.0
3.267003267003267,0.891000891000891,-46.44376039505005,0.495000495000495,17.857142857142858,1,27.576,0.56,34.53,0.099000099000099,0.0,0.0
4.356004356004355,1.3860013860013858,-42.99670670713697,1.0890010890010888,33.33333333333333,1,27.576,0.56,34.53,0.099000099000099,0.0,0.0
5.544005544005543,1.782001782001782,-64.43286339441936,1.1880011880011878,27.27272727272727,1,27.576,0.56,34.53,0.099000099000099,0.0,0.0
6.534006534006534,2.7720027720027716,-72.24308145897729,0.99000099000099,17.857142857142858,1,27.576,0.56,34.53,0.099000099000099,0.0,0.0
7.425007425007425,2.3760023760023756,-81.85740560293198,0.891000891000891,13.636363636363635,1,27.576,0.56,34.53,0.099000099000099,0.0,0.0
8.316008316008315,3.465003465003465,-67.47390116964068,0.891000891000891,12.0,1,27.576,0.56,34.53,0.099000099000099,0.0,0.0
9.306009306009305,1.3860013860013858,-31.466993263789586,0.99000099000099,11.904761904761903,1,27.576,0.56,34.53,0.099000099000099,0.0,0.0
10.593010593010591,1.2870012870012868,-69.0409454015585,1.2870012870012868,13.829787234042554,1,27.576,0.56,34.53,0.099000099000099,0.0,0.0
12.375012375012375,1.584001584001584,-72.90330603718758,1.782001782001782,16.822429906542055,1,27.576,0.56,34.53,0.099000099000099,0.0,0.0
14.157014157014157,1.4850014850014848,-44.25912578900655,1.782001782001782,14.399999999999999,1,27.576,0.56,34.53,0.099000099000099,0.0,0.0
15.74101574101574,1.881001881001881,-67.69500437535737,1.584001584001584,11.188811188811188,1,27.576,0.56,34.53,0.099000099000099,0.0,0.0
17.127017127017126,2.0790020790020787,-53.830685502006894,1.3860013860013858,8.80503144654088,1,27.576,0.56,34.53,0.099000099000099,0.0,0.0
18.909018909018908,2.5740025740025736,-34.976710264499374,1.782001782001782,10.404624277456648,1,27.576,0.56,34.53,0.198000198000198,0.099000099000099,100.0
20.790020790020787,1.881001881001881,-58.72245305462887,1.881001881001881,9.947643979057592,1,27.576,0.56,34.53,0.29700029700029695,0.099000099000099,50.0
22.57202257202257,0.6930006930006929,-68.29447746276855,1.782001782001782,8.571428571428571,1,27.576,0.56,34.53,0.396000396000396,0.099000099000099,33.33333333333333
23.958023958023954,0.891000891000891,-74.90572598245409,1.3860013860013858,6.140350877192982,1,27.576,0.56,34.53,0.495000495000495,0.099000099000099,25.0
25.44302544302544,1.0890010890010888,-24.445385824550282,1.4850014850014848,6.198347107438017,1,27.576,0.56,34.53,0.5940005940005939,0.099000099000099,20.0
27.126027126027125,2.6730026730026726,-23.81083016042356,1.683001683001683,6.614785992217899,1,27.576,0.56,34.53,0.5940005940005939,0.0,0.0
29.601029601029598,1.3860013860013858,-47.938415833881926,2.4750024750024746,9.124087591240876,1,27.576,0.56,34.53,0.5940005940005939,0.0,0.0
32.47203247203247,1.782001782001782,-56.63919316397773,2.8710028710028705,9.698996655518394,1,27.576,0.56,34.53,0.5940005940005939,0.0,0.0
36.63003663003663,1.3860013860013858,-70.55176198482513,4.158004158004157,12.804878048780488,1,27.576,0.56,34.53,0.5940005940005939,0.0,0.0
40.98604098604098,1.1880011880011878,-95.72372784217198,4.356004356004355,11.891891891891893,1,27.576,0.56,34.53,0.5940005940005939,0.0,0.0
45.639045639045634,2.4750024750024746,-37.390310287475586,4.653004653004652,11.352657004830919,1,27.576,0.56,34.53,0.5940005940005939,0.0,0.0
48.60904860904861,2.4750024750024746,-59.35782289505005,2.9700029700029695,6.507592190889371,1,27.576,0.56,34.53,0.6930006930006929,0.099000099000099,16.666666666666664
52.569052569052566,2.3760023760023756,-49.089481929937996,3.96000396000396,8.146639511201629,1,27.576,0.56,34.53,0.891000891000891,0.198000198000198,28.57142857142857
57.123057123057116,2.2770022770022766,-67.27859118710394,4.554004554004553,8.662900188323917,1,27.576,0.56,34.53,1.1880011880011878,0.29700029700029695,33.33333333333333
61.38006138006138,1.98000198000198,-78.87172907590866,4.257004257004256,7.452339688041594,1,27.576,0.56,34.53,1.3860013860013858,0.198000198000198,16.666666666666664
65.34006534006534,2.1780021780021777,-56.985870545560665,3.96000396000396,6.451612903225806,1,27.576,0.56,34.53,1.683001683001683,0.29700029700029695,21.428571428571427
69.69606969606969,2.9700029700029695,-73.66836925347646,4.356004356004355,6.666666666666667,1,27.576,0.56,34.53,1.881001881001881,0.198000198000198,11.76470588235294
76.32907632907633,2.4750024750024746,-91.25318264961243,6.633006633006633,9.517045454545455,0,27.576,0.56,34.53,2.0790020790020787,0.198000198000198,10.526315789473683
80.88308088308088,1.782001782001782,-66.71061383353339,4.554004554004553,5.966277561608301,0,27.576,0.56,34.53,2.3760023760023756,0.29700029700029695,14.285714285714285
84.34808434808434,2.3760023760023756,-35.02001340190569,3.465003465003465,4.283965728274174,0,27.576,0.56,34.53,2.5740025740025736,0.198000198000198,8.333333333333332
86.03108603108602,2.6730026730026726,-53.59726415740119,1.683001683001683,1.9953051643192488,1,27.576,0.56,34.53,2.7720027720027716,0.198000198000198,7.6923076923076925
0.0,0.0,0.0,0.0,0.0,0,15.808,0.47,28.01,0.0,0.0,0.0
0.0,0.0,0.0,0.0,0.0,0,15.808,0.47,28.01,0.0,0.0,0.0
0.0030389225196314393,0.0,0.0,0.0030389225196314393,100.0,0,15.808,0.47,28.01,0.0,0.0,0.0
0.006077845039262879,0.0,0.0,0.0030389225196314393,100.0,0,15.808,0.47,28.01,0.0,0.0,0.0
0.009116767558894318,0.0,0.0,0.0030389225196314393,50.0,1,15.808,0.47,28.01,0.0,0.0,0.0
0.012155690078525757,0.0,0.0,0.0030389225196314393,33.33333333333333,1,15.808,0.47,28.01,0.0,0.0,0.0
0.015194612598157197,0.0,0.0,0.0030389225196314393,25.0,1,15.808,0.47,28.01,0.0,0.0,0.0
0.015194612598157197,0.0,0.0,0.0,0.0,1,15.808,0.47,28.01,0.0,0.0,0.0
0.015194612598157197,0.0,0.0,0.0,0.0,1,15.808,0.47,28.01,0.0,0.0,0.0
0.018233535117788635,0.0,0.0,0.0030389225196314393,20.0,1,15.808,0.47,28.01,0.0,0.0,0.0
0.021272457637420077,0.0,0.0,0.0030389225196314393,16.666666666666664,1,15.808,0.47,28.01,0.0,0.0,0.0
0.024311380157051515,0.0,0.0,0.0030389225196314393,14.285714285714285,1,15.808,0.47,28.01,0.0,0.0,0.0
0.027350302676682953,0.0,0.0,0.0030389225196314393,12.5,1,15.808,0.47,28.01,0.0,0.0,0.0
0.030389225196314394,0.0,0.0,0.0030389225196314393,11.11111111111111,1,15.808,0.47,28.01,0.0,0.0,0.0
0.03342814771594583,0.0,0.0,0.0030389225196314393,10.0,1,15.808,0.47,28.01,0.0,0.0,0.0
0.03342814771594583,0.0,0.0,0.0,0.0,1,15.808,0.47,28.01,0.0,0.0,0.0
0.03342814771594583,0.0,0.0,0.0,0.0,1,15.808,0.47,28.01,0.0,0.0,0.0
0.03342814771594583,0.0,0.0,0.0,0.0,1,15.808,0.47,28.01,0.0,0.0,0.0
0.03342814771594583,0.0,0.0,0.0,0.0,1,15.808,0.47,28.01,0.0,0.0,0.0
0.03342814771594583,0.0,0.0,0.0,0.0,1,15.808,0.47,28.01,0.0,0.0,0.0
0.03342814771594583,0.009116767558894318,-99.02907808621724,0.0,0.0,1,15.808,0.47,28.01,0.0,0.0,0.0
0.03646707023557727,0.006077845039262879,-95.77460885047913,0.0030389225196314393,9.090909090909092,1,15.808,0.47,28.01,0.0,0.0,0.0
0.03646707023557727,0.0,0.0,0.0,0.0,1,15.808,0.47,28.01,0.0,0.0,0.0
0.03950599275520871,0.012155690078525757,-2.6999965310096776,0.0030389225196314393,8.333333333333332,1,15.808,0.47,28.01,0.0,0.0,0.0
0.03950599275520871,0.0,0.0,0.0,0.0,1,15.808,0.47,28.01,0.0,0.0,0.0
0.03950599275520871,0.0030389225196314393,-60.193842649459846,0.0,0.0,1,15.808,0.47,28.01,0.0,0.0,0.0
0.03950599275520871,0.021272457637420077,-71.82862162590027,0.0,0.0,1,15.808,0.47,28.01,0.0,0.0,0.0
0.03950599275520871,0.009116767558894318,-87.61457204818726,0.0,0.0,1,15.808,0.47,28.01,0.0,0.0,0.0
0.03950599275520871,0.012155690078525757,-98.30445051193237,0.0,0.0,1,15.808,0.47,28.01,0.0,0.0,0.0
0.03950599275520871,0.012155690078525757,-44.41666007041931,0.0,0.0,1,15.808,0.47,28.01,0.0,0.0,0.0
0.04254491527484015,0.006077845039262879,10.052073001861572,0.0030389225196314393,7.6923076923076925,1,15.808,0.47,28.01,0.0,0.0,0.0
0.04254491527484015,0.012155690078525757,-50.08627623319626,0.0,0.0,1,15.808,0.47,28.01,0.0,0.0,0.0
0.04558383779447159,0.012155690078525757,-86.58327758312225,0.0030389225196314393,7.142857142857142,1,15.808,0.47,28.01,0.0,0.0,0.0
0.08205090803004886,0.04862276031410303,26.919495314359665,0.03646707023557727,80.0,1,15.808,0.47,28.01,0.0,0.0,0.0
0.11851797826562613,0.012155690078525757,0.34114867448807296,0.03646707023557727,44.44444444444444,1,15.808,0.47,28.01,0.0,0.0,0.0
0.1610628935404663,0.024311380157051515,-54.24756333231926,0.04254491527484015,35.8974358974359,1,15.808,0.47,28.01,0.0,0.0,0.0
0.16714073857972916,0.030389225196314394,-51.38114869594574,0.006077845039262879,3.7735849056603774,1,15.808,0.47,28.01,0.0,0.0,0.0
0.17625750613862348,0.04254491527484015,-85.17278262547084,0.009116767558894318,5.454545454545454,1,15.808,0.47,28.01,0.0,0.0,0.0
0.18841319621714925,0.08205090803004886,-48.5903885629442,0.012155690078525757,6.896551724137931,1,15.808,0.47,28.01,0.0,0.0,0.0
0.20360780881530643,0.07293414047115454,-26.126815130313236,0.015194612598157197,8.064516129032258,1,15.808,0.47,28.01,0.0030389225196314393,0.0030389225196314393,100.0
0.24311380157051515,0.09724552062820606,-78.22562772780657,0.03950599275520871,19.402985074626866,1,15.808,0.47,28.01,0.009116767558894318,0.006077845039262879,200.0
0.2947754844042496,0.12763474582452045,-51.67292512598492,0.05166168283373447,21.25,1,15.808,0.47,28.01,0.015194612598157197,0.006077845039262879,66.66666666666666
0.3707485473950356,0.10636228818710038,-46.312274762562346,0.07597306299078599,25.773195876288657,1,15.808,0.47,28.01,0.024311380157051515,0.009116767558894318,60.0
0.4892665256606617,0.12763474582452045,-59.87421969572703,0.11851797826562613,31.967213114754102,1,15.808,0.47,28.01,0.030389225196314394,0.006077845039262879,25.0
0.6351348066029708,0.12763474582452045,-61.004733329727536,0.14586828094230908,29.81366459627329,1,15.808,0.47,28.01,0.03646707023557727,0.006077845039262879,20.0
0.8934432207716432,0.10636228818710038,-62.892577818461824,0.25830841416867234,40.66985645933015,1,15.808,0.47,28.01,0.04254491527484015,0.006077845039262879,16.666666666666664
1.1973354727347871,0.0698952179515231,-51.10853677210601,0.30389225196314396,34.01360544217687,1,15.808,0.47,28.01,0.05166168283373447,0.009116767558894318,21.428571428571427
1.522500182335351,0.19449104125641212,-69.65759536251426,0.325164709600564,27.157360406091367,1,15.808,0.47,28.01,0.06077845039262879,0.009116767558894318,17.647058823529413
2.087739770986799,0.276541949286461,-64.10851917424044,0.5652395886514477,37.12574850299401,1,15.808,0.47,28.01,0.07293414047115454,0.012155690078525757,20.0
2.8596260909731845,0.23703595653125226,-55.72159855793684,0.7718863199863856,36.972343522561864,1,15.808,0.47,28.01,0.08812875306931174,0.015194612598157197,20.833333333333336
3.9536381980405024,0.3707485473950356,-69.6567821209548,1.094012107067318,38.257173219978746,1,15.808,0.47,28.01,0.10636228818710038,0.018233535117788635,20.689655172413794
5.190479663530498,0.41633238518950716,-52.17904061296561,1.2368414654899957,31.283627978478094,1,15.808,0.47,28.01,0.12459582330488901,0.018233535117788635,17.142857142857142
6.655240317992852,0.33428147715945833,-53.74820779670369,1.4647606544623537,28.220140515222482,0,15.808,0.47,28.01,0.14282935842267763,0.018233535117788635,14.634146341463413
8.515060900007294,0.4619162229839788,-53.7211233063748,1.859820582014441,27.945205479452056,0,15.808,0.47,28.01,0.16714073857972916,0.024311380157051515,17.02127659574468
10.997860598546179,0.41633238518950716,-48.77873941929671,2.482799698538886,29.157744468236974,0,15.808,0.47,28.01,0.20360780881530643,0.03646707023557727,21.818181818181817
14.741813142732111,0.5773952787299734,-37.24500979247846,3.7439525441859334,34.04255319148936,1,15.808,0.47,28.01,0.25830841416867234,0.054700605353365905,26.865671641791046
19.081394500765807,0.5622006661318163,-57.37131047893215,4.339581358033695,29.43722943722944,1,15.808,0.47,28.01,0.3160479420416697,0.05773952787299735,22.35294117647059
0.0,0.0,0.0,0.0,0.0,0,18.396,0.65,30.5,0.0,0.0,0.0
0.0,0.0,0.0,0.0,0.0,0,18.396,0.65,30.5,0.0,0.0,0.0
0.0,0.0,0.0,0.0,0.0,0,18.396,0.65,30.5,0.0,0.0,0.0
0.0,0.0,0.0,0.0,0.0,0,18.396,0.65,30.5,0.0,0.0,0.0
0.0,0.0,0.0,0.0,0.0,0,18.396,0.65,30.5,0.0,0.0,0.0
0.0,0.0,0.0,0.0,0.0,0,18.396,0.65,30.5,0.0,0.0,0.0
0.0,0.0,0.0,0.0,0.0,0,18.396,0.65,30.5,0.0,0.0,0.0
0.0,0.0,0.0,0.0,0.0,0,18.396,0.65,30.5,0.0,0.0,0.0
0.0,0.0,0.0,0.0,0.0,0,18.396,0.65,30.5,0.0,0.0,0.0
0.014808233377758034,0.0,0.0,0.014808233377758034,100.0,0,18.396,0.65,30.5,0.0,0.0,0.0
0.014808233377758034,0.0,0.0,0.0,0.0,0,18.396,0.65,30.5,0.0,0.0,0.0
0.029616466755516067,0.0,0.0,0.014808233377758034,100.0,0,18.396,0.65,30.5,0.0,0.0,0.0
0.029616466755516067,0.0,0.0,0.0,0.0,0,18.396,0.65,30.5,0.0,0.0,0.0
0.029616466755516067,0.0,0.0,0.0,0.0,0,18.396,0.65,30.5,0.0,0.0,0.0
0.029616466755516067,0.0,0.0,0.0,0.0,0,18.396,0.65,30.5,0.0,0.0,0.0
0.029616466755516067,0.0,0.0,0.0,0.0,0,18.396,0.65,30.5,0.0,0.0,0.0
0.029616466755516067,0.0,0.0,0.0,0.0,0,18.396,0.65,30.5,0.0,0.0,0.0
0.0444247001332741,0.0,0.0,0.014808233377758034,50.0,1,18.396,0.65,30.5,0.0,0.0,0.0
0.0444247001332741,0.0,0.0,0.0,0.0,1,18.396,0.65,30.5,0.0,0.0,0.0
0.07404116688879017,0.0,0.0,0.029616466755516067,66.66666666666666,1,18.396,0.65,30.5,0.0,0.0,0.0
0.0888494002665482,0.14808233377758034,-77.61215806007385,0.014808233377758034,20.0,1,18.396,0.65,30.5,0.0,0.0,0.0
0.11846586702206427,0.23693173404412854,-91.52879640460014,0.029616466755516067,33.33333333333333,1,18.396,0.65,30.5,0.0,0.0,0.0
0.1332741003998223,0.10365763364430623,-88.69425569261823,0.014808233377758034,12.5,1,18.396,0.65,30.5,0.0,0.0,0.0
0.1332741003998223,0.14808233377758034,-77.85807132720947,0.0,0.0,1,18.396,0.65,30.5,0.0,0.0,0.0
0.1332741003998223,0.014808233377758034,-64.5002245903015,0.0,0.0,1,18.396,0.65,30.5,0.0,0.0,0.0
0.1332741003998223,0.029616466755516067,-99.89556968212128,0.0,0.0,1,18.396,0.65,30.5,0.0,0.0,0.0
0.1332741003998223,0.014808233377758034,-99.8054563999176,0.0,0.0,1,18.396,0.65,30.5,0.0,0.0,0.0
0.1332741003998223,0.014808233377758034,-98.11802506446838,0.0,0.0,1,18.396,0.65,30.5,0.0,0.0,0.0
0.1332741003998223,0.059232933511032135,-49.53818917274475,0.0,0.0,1,18.396,0.65,30.5,0.0,0.0,0.0
0.1332741003998223,0.059232933511032135,-54.34328913688659,0.0,0.0,1,18.396,0.65,30.5,0.0,0.0,0.0
0.1332741003998223,0.059232933511032135,-47.697730362415314,0.0,0.0,1,18.396,0.65,30.5,0.0,0.0,0.0
0.1332741003998223,0.07404116688879017,-59.98836398124695,0.0,0.0,1,18.396,0.65,30.5,0.0,0.0,0.0
0.1332741003998223,0.0444247001332741,-88.0921979745229,0.0,0.0,1,18.396,0.65,30.5,0.0,0.0,0.0
0.14808233377758034,0.2665482007996446,-79.34579286310408,0.014808233377758034,11.11111111111111,1,18.396,0.65,30.5,0.0,0.0,0.0
0.1776988005330964,0.07404116688879017,-53.57891082763672,0.029616466755516067,20.0,1,18.396,0.65,30.5,0.0,0.0,0.0
0.19250703391085444,0.19250703391085444,-55.74854062153743,0.014808233377758034,8.333333333333332,1,18.396,0.65,30.5,0.0,0.0,0.0
0.20731526728861246,0.2665482007996446,-16.984208093749153,0.014808233377758034,7.6923076923076925,1,18.396,0.65,30.5,0.0,0.0,0.0
0.23693173404412854,0.3109729009329187,-64.84985039347694,0.029616466755516067,14.285714285714285,1,18.396,0.65,30.5,0.0,0.0,0.0
0.28135643417740264,0.19250703391085444,-67.31320069386409,0.0444247001332741,18.75,1,18.396,0.65,30.5,0.0,0.0,0.0
0.3850140678217089,0.6219458018658374,-77.32979683648972,0.10365763364430623,36.84210526315789,1,18.396,0.65,30.5,0.0,0.0,0.0
0.4886717014660151,0.3850140678217089,-52.18697396608499,0.10365763364430623,26.923076923076923,1,18.396,0.65,30.5,0.0,0.0,0.0
0.6219458018658374,0.5182881682215311,-96.30821023668561,0.1332741003998223,27.27272727272727,1,18.396,0.65,30.5,0.0,0.0,0.0
0.873685769287724,0.888494002665482,-73.17659000555675,0.2517399674218866,40.476190476190474,1,18.396,0.65,30.5,0.0,0.0,0.0
1.2438916037316747,0.90330223604324,-90.75523224033293,0.37020583444395083,42.3728813559322,1,18.396,0.65,30.5,0.0,0.0,0.0
1.80660447208648,0.8292610691544499,-54.30802404880524,0.5627128683548053,45.23809523809524,1,18.396,0.65,30.5,0.014808233377758034,0.014808233377758034,100.0
2.3989338071968014,0.429438767954983,-75.36552014022038,0.5923293351103214,32.78688524590164,1,18.396,0.65,30.5,0.029616466755516067,0.014808233377758034,100.0
3.183770176217977,0.5479046349770472,-46.65054356729662,0.7848363690211757,32.71604938271605,1,18.396,0.65,30.5,0.029616466755516067,0.0,0.0
3.968606545239153,0.9921516363097882,-78.37345715778977,0.7848363690211757,24.651162790697676,1,18.396,0.65,30.5,0.0444247001332741,0.014808233377758034,50.0
4.842292314526877,1.1254257367096105,-71.65628585376237,0.873685769287724,22.01492537313433,1,18.396,0.65,30.5,0.059232933511032135,0.014808233377758034,33.33333333333333
5.745594550570117,1.2142751369761586,-52.11415080035605,0.90330223604324,18.654434250764528,1,18.396,0.65,30.5,0.0888494002665482,0.029616466755516067,50.0
6.426773285946987,1.8214127054642382,-60.59358929230915,0.6811787353768696,11.855670103092782,1,18.396,0.65,30.5,0.10365763364430623,0.014808233377758034,16.666666666666664
8.485117725455353,2.9616466755516067,-69.20347929000854,2.0583444395083665,32.02764976958525,1,18.396,0.65,30.5,0.11846586702206427,0.014808233377758034,14.285714285714285
11.876203168961943,1.791796238708722,-59.8385531547641,3.3910854435065896,39.9650959860384,1,18.396,0.65,30.5,0.1776988005330964,0.059232933511032135,50.0
15.252480379090775,2.176810306530431,-52.78289354577356,3.3762772101288316,28.428927680798004,1,18.396,0.65,30.5,0.2517399674218866,0.07404116688879017,41.66666666666667
18.954538723530284,2.7395231748852362,-63.94385279835881,3.702058344439508,24.271844660194176,1,18.396,0.65,30.5,0.4886717014660151,0.23693173404412854,94.11764705882352
22.98237820228047,2.3841255738190434,-46.99827106843084,4.027839478750185,21.25,1,18.396,0.65,30.5,0.6515622686213535,0.16289056715533837,33.33333333333333
30.371686657781726,3.094920775951429,-58.33183849257145,7.389308455501259,32.152061855670105,1,18.396,0.65,30.5,0.90330223604324,0.2517399674218866,38.63636363636363
0.0,0.0,0.0,0.0,0.0,0,15.652,0.71,23.54,0.0,0.0,0.0
0.0,0.0,0.0,0.0,0.0,0,15.652,0.71,23.54,0.0,0.0,0.0
0.0,0.0,0.0,0.0,0.0,0,15.652,0.71,23.54,0.0,0.0,0.0
0.0,0.0,0.0,0.0,0.0,0,15.652,0.71,23.54,0.0,0.0,0.0
0.0,0.0,0.0,0.0,0.0,0,15.652,0.71,23.54,0.0,0.0,0.0
0.0,0.0,0.0,0.0,0.0,0,15.652,0.71,23.54,0.0,0.0,0.0
0.0,0.0,0.0,0.0,0.0,0,15.652,0.71,23.54,0.0,0.0,0.0
0.0,0.0,0.0,0.0,0.0,0,15.652,0.71,23.54,0.0,0.0,0.0
0.0,0.0,0.0,0.0,0.0,0,15.652,0.71,23.54,0.0,0.0,0.0
0.0,0.0,0.0,0.0,0.0,0,15.652,0.71,23.54,0.0,0.0,0.0
0.0,0.0,0.0,0.0,0.0,0,15.652,0.71,23.54,0.0,0.0,0.0
0.0,0.0,0.0,0.0,0.0,0,15.652,0.71,23.54,0.0,0.0,0.0
0.0,0.0,0.0,0.0,0.0,0,15.652,0.71,23.54,0.0,0.0,0.0
0.0,0.0,0.0,0.0,0.0,0,15.652,0.71,23.54,0.0,0.0,0.0
0.0,0.0,0.0,0.0,0.0,0,15.652,0.71,23.54,0.0,0.0,0.0
0.0,0.0,0.0,0.0,0.0,0,15.652,0.71,23.54,0.0,0.0,0.0
0.0,0.0,0.0,0.0,0.0,0,15.652,0.71,23.54,0.0,0.0,0.0
0.0,0.0,0.0,0.0,0.0,0,15.652,0.71,23.54,0.0,0.0,0.0
0.0,0.0,0.0,0.0,0.0,0,15.652,0.71,23.54,0.0,0.0,0.0
0.0,0.0,0.0,0.0,0.0,0,15.652,0.71,23.54,0.0,0.0,0.0
0.0,0.83629521220991,-88.76894116401672,0.0,0.0,0,15.652,0.71,23.54,0.0,0.0,0.0
0.0,0.0,0.0,0.0,0.0,0,15.652,0.71,23.54,0.0,0.0,0.0
0.0,0.0,0.0,0.0,0.0,0,15.652,0.71,23.54,0.0,0.0,0.0
0.0,0.0,0.0,0.0,0.0,0,15.652,0.71,23.54,0.0,0.0,0.0
0.0,0.0,0.0,0.0,0.0,0,15.652,0.71,23.54,0.0,0.0,0.0
0.0,1.0453690152623876,-96.89359903335571,0.0,0.0,0,15.652,0.71,23.54,0.0,0.0,0.0
0.0,0.0,0.0,0.0,0.0,0,15.652,0.71,23.54,0.0,0.0,0.0
0.0,0.6272214091574325,-32.76581764221192,0.0,0.0,0,15.652,0.71,23.54,0.0,0.0,0.0
0.0,0.2090738030524775,-99.70115423202516,0.0,0.0,0,15.652,0.71,23.54,0.0,0.0,0.0
0.0,0.2090738030524775,-99.61867332458496,0.0,0.0,0,15.652,0.71,23.54,0.0,0.0,0.0
0.0,0.2090738030524775,98.50220680236816,0.0,0.0,0,15.652,0.71,23.54,0.0,0.0,0.0
0.0,0.0,0.0,0.0,0.0,0,15.652,0.71,23.54,0.0,0.0,0.0
0.0,0.0,0.0,0.0,0.0,0,15.652,0.71,23.54,0.0,0.0,0.0
0.0,0.418147606104955,-99.34822320938109,0.0,0.0,0,15.652,0.71,23.54,0.0,0.0,0.0
0.0,0.418147606104955,-98.98160099983215,0.0,0.0,0,15.652,0.71,23.54,0.0,0.0,0.0
0.0,0.418147606104955,-99.61667656898499,0.0,0.0,0,15.652,0.71,23.54,0.0,0.0,0.0
0.0,1.0453690152623876,7.557733058929443,0.0,0.0,0,15.652,0.71,23.54,0.0,0.0,0.0
0.0,3.34518084883964,-40.12640677392483,0.0,0.0,0,15.652,0.71,23.54,0.0,0.0,0.0
0.2090738030524775,1.67259042441982,-25.59025064110756,0.2090738030524775,100.0,0,15.652,0.71,23.54,0.0,0.0,0.0
0.2090738030524775,0.418147606104955,-93.53986084461212,0.0,0.0,0,15.652,0.71,23.54,0.0,0.0,0.0
0.2090738030524775,1.8816642274722977,-52.842542860243064,0.0,0.0,0,15.652,0.71,23.54,0.0,0.0,0.0
0.2090738030524775,1.254442818314865,-92.08049277464549,0.0,0.0,0,15.652,0.71,23.54,0.0,0.0,0.0
0.418147606104955,2.2998118335772526,-75.3076900135387,0.2090738030524775,100.0,0,15.652,0.71,23.54,0.0,0.0,0.0
0.418147606104955,1.67259042441982,-26.147826015949256,0.0,0.0,0,15.652,0.71,23.54,0.0,0.0,0.0
0.6272214091574325,2.2998118335772526,-78.98537299849771,0.2090738030524775,50.0,1,15.652,0.71,23.54,0.0,0.0,0.0
0.83629521220991,3.34518084883964,-49.4926355779171,0.2090738030524775,33.33333333333333,1,15.652,0.71,23.54,0.0,0.0,0.0
1.0453690152623876,3.7633284549445953,-71.96891407171886,0.2090738030524775,25.0,1,15.652,0.71,23.54,0.0,0.0,0.0
1.0453690152623876,2.7179594396822075,-24.67945722433237,0.0,0.0,1,15.652,0.71,23.54,0.0,0.0,0.0
1.0453690152623876,7.108509303784236,-71.46094038205989,0.0,0.0,1,15.652,0.71,23.54,0.0,0.0,0.0
1.0453690152623876,5.644992682416893,-76.81847369229352,0.0,0.0,1,15.652,0.71,23.54,0.0,0.0,0.0
1.0453690152623876,4.18147606104955,-49.47977215051651,0.0,0.0,1,15.652,0.71,23.54,0.0,0.0,0.0
1.0453690152623876,1.8816642274722977,-77.40565405951605,0.0,0.0,1,15.652,0.71,23.54,0.0,0.0,0.0
1.0453690152623876,4.18147606104955,-81.3758584856987,0.0,0.0,1,15.652,0.71,23.54,0.0,0.0,0.0
1.254442818314865,3.34518084883964,-0.6105192005634317,0.2090738030524775,20.0,1,15.652,0.71,23.54,0.0,0.0,0.0
1.4635166213673425,6.272214091574325,-69.63996907075246,0.2090738030524775,16.666666666666664,1,15.652,0.71,23.54,0.0,0.0,0.0
1.8816642274722977,12.54442818314865,-54.61680054664612,0.418147606104955,28.57142857142857,1,15.652,0.71,23.54,0.0,0.0,0.0
2.7179594396822075,7.108509303784236,-46.21805338298573,0.83629521220991,44.44444444444444,1,15.652,0.71,23.54,0.0,0.0,0.0
